<?xml version="1.0" encoding="utf-8"?>
<extension version="2.5" type="plugin" group="system" method="upgrade">
	<name>Google Webmaster Tools Verification</name>
	<author>Daniele De Santis</author>
	<creationDate>May 2015</creationDate>
	<copyright>Copyright (C) 2015 Open Source Matters. All rights reserved.</copyright>
	<license>GNU/GPLv3 http://www.gnu.org/licenses/gpl-3.0.html</license>
	<authorEmail>hello@danieledesantis.net</authorEmail>
	<authorUrl>www.danieledesantis.net</authorUrl>
	<version>1.0</version>
	<description>PLG_GOOGLEWEBMASTERTOOLSVERIFICATION_DESC</description>
	
	<files>
		<folder>language</folder>
		<filename plugin="googlewebmastertoolsverification">googlewebmastertoolsverification.php</filename>
		<filename>index.html</filename>
	</files>
	
	<languages folder="language">
		<language tag="en-GB">en-GB/en-GB.plg_system_googlewebmastertoolsverification.ini</language>
		<language tag="en-GB">en-GB/en-GB.plg_system_googlewebmastertoolsverification.sys.ini</language> 
	</languages>
	
	<config>
		<fields name="params"> 
			<fieldset name="basic">				
				<field
					name="gwtv_webmastertools"
					type="text"
					description="PLG_GOOGLEWEBMASTERTOOLSVERIFICATION_WTOOLS_DESC"
					label="PLG_GOOGLEWEBMASTERTOOLSVERIFICATION_WTOOLS_LABEL"
				/> 
			</fieldset> 
		</fields>
	</config>	
</extension>